WP5 Country,country,year,Life Ladder
Afghanistan,Afghanistan,2008,3.723589897
Afghanistan,Afghanistan,2009,4.401778221
Afghanistan,Afghanistan,2010,4.75838089
Afghanistan,Afghanistan,2011,3.83171916
Afghanistan,Afghanistan,2012,3.782937527
Afghanistan,Afghanistan,2013,3.572100401
Afghanistan,Afghanistan,2014,3.130895615
Afghanistan,Afghanistan,2015,3.982854605
Afghanistan,Afghanistan,2016,4.220168591
Albania,Albania,2007,4.634251595
Albania,Albania,2009,5.485469818
Albania,Albania,2010,5.268936634
Albania,Albania,2011,5.867421627
Albania,Albania,2012,5.510124207
Albania,Albania,2013,4.550647736
Albania,Albania,2014,4.813763142
Albania,Albania,2015,4.606650829
Albania,Albania,2016,4.511100769
Algeria,Algeria,2010,5.46356678
Algeria,Algeria,2011,5.317194462
Algeria,Algeria,2012,5.604595661
Algeria,Algeria,2014,6.354898453
Algeria,Algeria,2016,5.388170719
Angola,Angola,2011,5.589000702
Angola,Angola,2012,4.360249996
Angola,Angola,2013,3.937106848
Angola,Angola,2014,3.794837952
Argentina,Argentina,2006,6.312925339
Argentina,Argentina,2007,6.073158264
Argentina,Argentina,2008,5.961034298
Argentina,Argentina,2009,6.424133301
Argentina,Argentina,2010,6.441067219
Argentina,Argentina,2011,6.775805473
Argentina,Argentina,2012,6.468387127
Argentina,Argentina,2013,6.582260132
Argentina,Argentina,2014,6.671114445
Argentina,Argentina,2015,6.69713068
Argentina,Argentina,2016,6.427221298
Armenia,Armenia,2006,4.289310932
Armenia,Armenia,2007,4.881515503
Armenia,Armenia,2008,4.651972294
Armenia,Armenia,2009,4.177581787
Armenia,Armenia,2010,4.367811203
Armenia,Armenia,2011,4.260491371
Armenia,Armenia,2012,4.319711685
Armenia,Armenia,2013,4.277191162
Armenia,Armenia,2014,4.453083038
Armenia,Armenia,2015,4.34831953
Armenia,Armenia,2016,4.325471878
Australia,Australia,2005,7.340688229
Australia,Australia,2007,7.285390854
Australia,Australia,2008,7.253757477
Australia,Australia,2010,7.450047016
Australia,Australia,2011,7.405616283
Australia,Australia,2012,7.195585728
Australia,Australia,2013,7.364169121
Australia,Australia,2014,7.288550377
Australia,Australia,2015,7.309060574
Australia,Australia,2016,7.250080109
Austria,Austria,2006,7.122211456
Austria,Austria,2008,7.180953979
Austria,Austria,2010,7.302678585
Austria,Austria,2011,7.470512867
Austria,Austria,2012,7.400688648
Austria,Austria,2013,7.498802662
Austria,Austria,2014,6.949999809
Austria,Austria,2015,7.07644701
Austria,Austria,2016,7.048071861
Azerbaijan,Azerbaijan,2006,4.727870941
Azerbaijan,Azerbaijan,2007,4.56815958
Azerbaijan,Azerbaijan,2008,4.817189217
Azerbaijan,Azerbaijan,2009,4.573725224
Azerbaijan,Azerbaijan,2010,4.218610764
Azerbaijan,Azerbaijan,2011,4.680469513
Azerbaijan,Azerbaijan,2012,4.910771847
Azerbaijan,Azerbaijan,2013,5.481178284
Azerbaijan,Azerbaijan,2014,5.25153017
Azerbaijan,Azerbaijan,2015,5.146774769
Azerbaijan,Azerbaijan,2016,5.303894997
Bahrain,Bahrain,2009,5.700523376
Bahrain,Bahrain,2010,5.936869144
Bahrain,Bahrain,2011,4.82397604
Bahrain,Bahrain,2012,5.027186871
Bahrain,Bahrain,2013,6.689711094
Bahrain,Bahrain,2014,6.165133953
Bahrain,Bahrain,2015,6.00737524
Bahrain,Bahrain,2016,6.169673443
Bangladesh,Bangladesh,2006,4.318909168
Bangladesh,Bangladesh,2007,4.607322216
Bangladesh,Bangladesh,2008,5.052278519
Bangladesh,Bangladesh,2009,5.08285141
Bangladesh,Bangladesh,2010,4.858481407
Bangladesh,Bangladesh,2011,4.985649109
Bangladesh,Bangladesh,2012,4.724443913
Bangladesh,Bangladesh,2013,4.660161018
Bangladesh,Bangladesh,2014,4.635564804
Bangladesh,Bangladesh,2015,4.633473873
Bangladesh,Bangladesh,2016,4.5561409
Belarus,Belarus,2006,5.657649994
Belarus,Belarus,2007,5.616976261
Belarus,Belarus,2008,5.463332176
Belarus,Belarus,2009,5.56413126
Belarus,Belarus,2010,5.525923252
Belarus,Belarus,2011,5.225307941
Belarus,Belarus,2012,5.749043465
Belarus,Belarus,2013,5.876466274
Belarus,Belarus,2014,5.812400818
Belarus,Belarus,2015,5.718907833
Belarus,Belarus,2016,5.177899361
Belgium,Belgium,2005,7.262290478
Belgium,Belgium,2007,7.218839645
Belgium,Belgium,2008,7.116590977
Belgium,Belgium,2010,6.853514194
Belgium,Belgium,2011,7.111363888
Belgium,Belgium,2012,6.935122013
Belgium,Belgium,2013,7.10366106
Belgium,Belgium,2014,6.855329037
Belgium,Belgium,2015,6.904219151
Belgium,Belgium,2016,6.948936462
Belize,Belize,2007,6.450644493
Belize,Belize,2014,5.955646515
Benin,Benin,2006,3.329801559
Benin,Benin,2008,3.66713953
Benin,Benin,2011,3.870279551
Benin,Benin,2012,3.193468809
Benin,Benin,2013,3.479412794
Benin,Benin,2014,3.347419262
Benin,Benin,2015,3.624664307
Benin,Benin,2016,4.007357597
Bhutan,Bhutan,2013,5.569091797
Bhutan,Bhutan,2014,4.938578129
Bhutan,Bhutan,2015,5.082128525
Bolivia,Bolivia,2006,5.373986244
Bolivia,Bolivia,2007,5.628419399
Bolivia,Bolivia,2008,5.297872543
Bolivia,Bolivia,2009,6.085579395
Bolivia,Bolivia,2010,5.780620098
Bolivia,Bolivia,2011,5.778874397
Bolivia,Bolivia,2012,6.018894672
Bolivia,Bolivia,2013,5.767428875
Bolivia,Bolivia,2014,5.864798546
Bolivia,Bolivia,2015,5.834329128
Bolivia,Bolivia,2016,5.769723415
Bosnia and Herzegovina,Bosnia and Herzegovina,2007,4.899806976
Bosnia and Herzegovina,Bosnia and Herzegovina,2009,4.963477135
Bosnia and Herzegovina,Bosnia and Herzegovina,2010,4.66851759
Bosnia and Herzegovina,Bosnia and Herzegovina,2011,4.994670868
Bosnia and Herzegovina,Bosnia and Herzegovina,2012,4.773144722
Bosnia and Herzegovina,Bosnia and Herzegovina,2013,5.123664379
Bosnia and Herzegovina,Bosnia and Herzegovina,2014,5.248954296
Bosnia and Herzegovina,Bosnia and Herzegovina,2015,5.117177963
Bosnia and Herzegovina,Bosnia and Herzegovina,2016,5.180865288
Botswana,Botswana,2006,4.739367008
Botswana,Botswana,2008,5.451147079
Botswana,Botswana,2010,3.553020239
Botswana,Botswana,2011,3.519921064
Botswana,Botswana,2012,4.835938931
Botswana,Botswana,2013,4.128298759
Botswana,Botswana,2014,4.031197071
Botswana,Botswana,2015,3.761964798
Botswana,Botswana,2016,3.498936653
Brazil,Brazil,2005,6.636771202
Brazil,Brazil,2007,6.320672989
Brazil,Brazil,2008,6.691424847
Brazil,Brazil,2009,7.000831604
Brazil,Brazil,2010,6.837331295
Brazil,Brazil,2011,7.037816525
Brazil,Brazil,2012,6.660003662
Brazil,Brazil,2013,7.140282631
Brazil,Brazil,2014,6.980998993
Brazil,Brazil,2015,6.546896935
Brazil,Brazil,2016,6.374817371
Bulgaria,Bulgaria,2007,3.843797922
Bulgaria,Bulgaria,2010,3.912276268
Bulgaria,Bulgaria,2011,3.875382423
Bulgaria,Bulgaria,2012,4.222297192
Bulgaria,Bulgaria,2013,3.993020535
Bulgaria,Bulgaria,2014,4.438439846
Bulgaria,Bulgaria,2015,4.865401268
Bulgaria,Bulgaria,2016,4.837560654
Burkina Faso,Burkina Faso,2006,3.801490784
Burkina Faso,Burkina Faso,2007,4.017130375
Burkina Faso,Burkina Faso,2008,3.846438885
Burkina Faso,Burkina Faso,2010,4.035560608
Burkina Faso,Burkina Faso,2011,4.785367489
Burkina Faso,Burkina Faso,2012,3.95500803
Burkina Faso,Burkina Faso,2013,3.325949669
Burkina Faso,Burkina Faso,2014,3.481347799
Burkina Faso,Burkina Faso,2015,4.418930054
Burkina Faso,Burkina Faso,2016,4.205634594
Burundi,Burundi,2008,3.563227654
Burundi,Burundi,2009,3.791680813
Burundi,Burundi,2011,3.705894232
Burundi,Burundi,2014,2.904535055
Cambodia,Cambodia,2006,3.568744659
Cambodia,Cambodia,2007,4.15597105
Cambodia,Cambodia,2008,4.462163925
Cambodia,Cambodia,2009,4.110625744
Cambodia,Cambodia,2010,4.141072273
Cambodia,Cambodia,2011,4.161225319
Cambodia,Cambodia,2012,3.898706913
Cambodia,Cambodia,2013,3.674466848
Cambodia,Cambodia,2014,3.88330555
Cambodia,Cambodia,2015,4.162164688
Cambodia,Cambodia,2016,4.461259365
Cameroon,Cameroon,2006,3.851072073
Cameroon,Cameroon,2007,4.349939346
Cameroon,Cameroon,2008,4.291800499
Cameroon,Cameroon,2009,4.741408348
Cameroon,Cameroon,2010,4.554256916
Cameroon,Cameroon,2011,4.433885098
Cameroon,Cameroon,2012,4.244634151
Cameroon,Cameroon,2013,4.271038055
Cameroon,Cameroon,2014,4.240441322
Cameroon,Cameroon,2015,5.037964821
Cameroon,Cameroon,2016,4.816232204
Canada,Canada,2005,7.418048382
Canada,Canada,2007,7.481752872
Canada,Canada,2008,7.485603809
Canada,Canada,2009,7.48782444
Canada,Canada,2010,7.650346279
Canada,Canada,2011,7.426053524
Canada,Canada,2012,7.415144444
Canada,Canada,2013,7.593793869
Canada,Canada,2014,7.30425787
Canada,Canada,2015,7.412772655
Canada,Canada,2016,7.244845867
Central African Republic,Central African Republic,2007,4.160129547
Central African Republic,Central African Republic,2010,3.567892551
Central African Republic,Central African Republic,2011,3.677826405
Central African Republic,Central African Republic,2016,2.693061113
Chad,Chad,2006,3.434800625
Chad,Chad,2007,4.141326904
Chad,Chad,2008,4.632468224
Chad,Chad,2009,3.639445066
Chad,Chad,2010,3.742871046
Chad,Chad,2011,4.393482208
Chad,Chad,2012,4.03297472
Chad,Chad,2013,3.507663012
Chad,Chad,2014,3.460182905
Chad,Chad,2015,4.322675228
Chad,Chad,2016,4.029350281
Chile,Chile,2006,6.062851906
Chile,Chile,2007,5.697929859
Chile,Chile,2008,5.789438725
Chile,Chile,2009,6.493686199
Chile,Chile,2010,6.63565588
Chile,Chile,2011,6.526334763
Chile,Chile,2012,6.599128723
Chile,Chile,2013,6.74015379
Chile,Chile,2014,6.844238281
Chile,Chile,2015,6.532749653
Chile,Chile,2016,6.579056263
China,China,2006,4.560495377
China,China,2007,4.86286211
China,China,2008,4.84629488
China,China,2009,4.454360962
China,China,2010,4.652736664
China,China,2011,5.037207603
China,China,2012,5.094917297
China,China,2013,5.241090298
China,China,2014,5.195619106
China,China,2015,5.303877831
China,China,2016,5.32495594
Colombia,Colombia,2006,6.024942875
Colombia,Colombia,2007,6.138411522
Colombia,Colombia,2008,6.168395042
Colombia,Colombia,2009,6.271604538
Colombia,Colombia,2010,6.40811348
Colombia,Colombia,2011,6.463952541
Colombia,Colombia,2012,6.374879837
Colombia,Colombia,2013,6.606550694
Colombia,Colombia,2014,6.44878912
Colombia,Colombia,2015,6.387571812
Colombia,Colombia,2016,6.233715057
Comoros,Comoros,2009,3.47602725
Comoros,Comoros,2010,3.81219101
Comoros,Comoros,2011,3.838485956
Comoros,Comoros,2012,3.955640316
Congo Brazzaville,Congo (Brazzaville),2008,3.819792271
Congo Brazzaville,Congo (Brazzaville),2011,4.509824276
Congo Brazzaville,Congo (Brazzaville),2012,3.919341803
Congo Brazzaville,Congo (Brazzaville),2013,3.954950571
Congo Brazzaville,Congo (Brazzaville),2014,4.05601263
Congo Brazzaville,Congo (Brazzaville),2015,4.690830231
Congo Brazzaville,Congo (Brazzaville),2016,4.119493484
Congo (Kinshasa),Congo (Kinshasa),2009,3.983848572
Congo (Kinshasa),Congo (Kinshasa),2011,4.516963959
Congo (Kinshasa),Congo (Kinshasa),2012,4.63922739
Congo (Kinshasa),Congo (Kinshasa),2013,4.497477055
Congo (Kinshasa),Congo (Kinshasa),2014,4.414299965
Congo (Kinshasa),Congo (Kinshasa),2015,3.902741671
Congo (Kinshasa),Congo (Kinshasa),2016,4.521935463
Costa Rica,Costa Rica,2006,7.082465172
Costa Rica,Costa Rica,2007,7.432132244
Costa Rica,Costa Rica,2008,6.850679874
Costa Rica,Costa Rica,2009,7.614928722
Costa Rica,Costa Rica,2010,7.271053791
Costa Rica,Costa Rica,2011,7.228888512
Costa Rica,Costa Rica,2012,7.272250175
Costa Rica,Costa Rica,2013,7.158000469
Costa Rica,Costa Rica,2014,7.247086048
Costa Rica,Costa Rica,2015,6.854004383
Costa Rica,Costa Rica,2016,7.135617733
Croatia,Croatia,2007,5.820907593
Croatia,Croatia,2009,5.433319569
Croatia,Croatia,2010,5.595575333
Croatia,Croatia,2011,5.385372639
Croatia,Croatia,2012,6.027634621
Croatia,Croatia,2013,5.885462761
Croatia,Croatia,2014,5.380692482
Croatia,Croatia,2015,5.205438137
Cuba,Cuba,2006,5.417868614
Cyprus,Cyprus,2006,6.237958431
Cyprus,Cyprus,2009,6.833477497
Cyprus,Cyprus,2010,6.386546135
Cyprus,Cyprus,2011,6.689608574
Cyprus,Cyprus,2012,6.180507183
Cyprus,Cyprus,2013,5.438952446
Cyprus,Cyprus,2014,5.627123833
Cyprus,Cyprus,2015,5.439161301
Cyprus,Cyprus,2016,5.794618607
Czech Republic,Czech Republic,2005,6.439256668
Czech Republic,Czech Republic,2007,6.500194073
Czech Republic,Czech Republic,2010,6.249617577
Czech Republic,Czech Republic,2011,6.331490993
Czech Republic,Czech Republic,2012,6.334149361
Czech Republic,Czech Republic,2013,6.697655678
Czech Republic,Czech Republic,2014,6.483729839
Czech Republic,Czech Republic,2015,6.608017445
Czech Republic,Czech Republic,2016,6.735627174
Denmark,Denmark,2005,8.01893425
Denmark,Denmark,2007,7.834233284
Denmark,Denmark,2008,7.970891953
Denmark,Denmark,2009,7.683358669
Denmark,Denmark,2010,7.770515442
Denmark,Denmark,2011,7.78823185
Denmark,Denmark,2012,7.519909382
Denmark,Denmark,2013,7.588606834
Denmark,Denmark,2014,7.507559299
Denmark,Denmark,2015,7.514424801
Denmark,Denmark,2016,7.55778265
Djibouti,Djibouti,2008,5.009330273
Djibouti,Djibouti,2009,4.905925274
Djibouti,Djibouti,2010,5.005810738
Djibouti,Djibouti,2011,4.369193554
Dominican Republic,Dominican Republic,2006,5.087967873
Dominican Republic,Dominican Republic,2007,5.081305981
Dominican Republic,Dominican Republic,2008,4.84230566
Dominican Republic,Dominican Republic,2009,5.431613922
Dominican Republic,Dominican Republic,2010,4.735021114
Dominican Republic,Dominican Republic,2011,5.396535397
Dominican Republic,Dominican Republic,2012,4.753311157
Dominican Republic,Dominican Republic,2013,5.015515327
Dominican Republic,Dominican Republic,2014,5.387331963
Dominican Republic,Dominican Republic,2015,5.061862469
Dominican Republic,Dominican Republic,2016,5.238698483
Ecuador,Ecuador,2006,5.02419138
Ecuador,Ecuador,2007,4.995875359
Ecuador,Ecuador,2008,5.296513081
Ecuador,Ecuador,2009,6.021803379
Ecuador,Ecuador,2010,5.838051319
Ecuador,Ecuador,2011,5.795088291
Ecuador,Ecuador,2012,5.960716248
Ecuador,Ecuador,2013,6.019206047
Ecuador,Ecuador,2014,5.945851803
Ecuador,Ecuador,2015,5.964075089
Ecuador,Ecuador,2016,6.115437508
Egypt,Egypt,2005,5.167754173
Egypt,Egypt,2007,5.540510654
Egypt,Egypt,2008,4.631741047
Egypt,Egypt,2009,5.066164494
Egypt,Egypt,2010,4.668916225
Egypt,Egypt,2011,4.174158573
Egypt,Egypt,2012,4.204156876
Egypt,Egypt,2013,3.558520317
Egypt,Egypt,2014,4.885072708
Egypt,Egypt,2015,4.762538433
Egypt,Egypt,2016,4.556740761
El Salvador,El Salvador,2006,5.700929642
El Salvador,El Salvador,2007,5.295535088
El Salvador,El Salvador,2008,5.191493988
El Salvador,El Salvador,2009,6.839087009
El Salvador,El Salvador,2010,6.739911079
El Salvador,El Salvador,2011,4.741294861
El Salvador,El Salvador,2012,5.934371471
El Salvador,El Salvador,2013,6.325063229
El Salvador,El Salvador,2014,5.856523514
El Salvador,El Salvador,2015,6.018496037
El Salvador,El Salvador,2016,6.139824867
Estonia,Estonia,2006,5.371054649
Estonia,Estonia,2007,5.332044125
Estonia,Estonia,2008,5.451937675
Estonia,Estonia,2009,5.137738705
Estonia,Estonia,2011,5.486819744
Estonia,Estonia,2012,5.363927841
Estonia,Estonia,2013,5.367445946
Estonia,Estonia,2014,5.55598259
Estonia,Estonia,2015,5.628908634
Estonia,Estonia,2016,5.649675369
Ethiopia,Ethiopia,2012,4.561168671
Ethiopia,Ethiopia,2013,4.44482708
Ethiopia,Ethiopia,2014,4.506646633
Ethiopia,Ethiopia,2015,4.573154926
Ethiopia,Ethiopia,2016,4.297848701
Finland,Finland,2006,7.672449112
Finland,Finland,2008,7.67062664
Finland,Finland,2010,7.393264294
Finland,Finland,2011,7.354225159
Finland,Finland,2012,7.420209408
Finland,Finland,2013,7.444635868
Finland,Finland,2014,7.384571075
Finland,Finland,2015,7.447925568
Finland,Finland,2016,7.659843445
France,France,2005,7.093392849
France,France,2006,6.582700253
France,France,2008,7.008064747
France,France,2009,6.283498287
France,France,2010,6.797901154
France,France,2011,6.959185123
France,France,2012,6.649365425
France,France,2013,6.66712141
France,France,2014,6.466867924
France,France,2015,6.357625008
France,France,2016,6.475208759
Gabon,Gabon,2011,4.255400658
Gabon,Gabon,2012,3.97205925
Gabon,Gabon,2013,3.800287008
Gabon,Gabon,2014,3.918073177
Gabon,Gabon,2015,4.66101265
Gabon,Gabon,2016,4.831764221
Georgia,Georgia,2006,3.675108433
Georgia,Georgia,2007,3.707194567
Georgia,Georgia,2008,4.15609026
Georgia,Georgia,2009,3.800639153
Georgia,Georgia,2010,4.101837158
Georgia,Georgia,2011,4.203030586
Georgia,Georgia,2012,4.254445553
Georgia,Georgia,2013,4.348920822
Georgia,Georgia,2014,4.287508011
Georgia,Georgia,2015,4.121940613
Georgia,Georgia,2016,4.448386192
Germany,Germany,2005,6.619549751
Germany,Germany,2007,6.416819572
Germany,Germany,2008,6.521790028
Germany,Germany,2009,6.64149332
Germany,Germany,2010,6.724531174
Germany,Germany,2011,6.621312141
Germany,Germany,2012,6.702362061
Germany,Germany,2013,6.965125084
Germany,Germany,2014,6.984214306
Germany,Germany,2015,7.037137508
Germany,Germany,2016,6.873763084
Ghana,Ghana,2006,4.535019875
Ghana,Ghana,2007,5.220148087
Ghana,Ghana,2008,4.965134621
Ghana,Ghana,2009,4.197695732
Ghana,Ghana,2010,4.606251717
Ghana,Ghana,2011,5.608199596
Ghana,Ghana,2012,5.057261944
Ghana,Ghana,2013,4.965053082
Ghana,Ghana,2014,3.860351086
Ghana,Ghana,2015,3.985916138
Ghana,Ghana,2016,4.514411449
Greece,Greece,2005,6.006309986
Greece,Greece,2007,6.646961212
Greece,Greece,2009,6.038574696
Greece,Greece,2010,5.839558601
Greece,Greece,2011,5.372039795
Greece,Greece,2012,5.096354008
Greece,Greece,2013,4.720251083
Greece,Greece,2014,4.75623703
Greece,Greece,2015,5.622519016
Greece,Greece,2016,5.302619457
Guatemala,Guatemala,2006,5.901429176
Guatemala,Guatemala,2007,6.329581261
Guatemala,Guatemala,2008,6.414494514
Guatemala,Guatemala,2009,6.451916218
Guatemala,Guatemala,2010,6.289748669
Guatemala,Guatemala,2011,5.743353844
Guatemala,Guatemala,2012,5.855717182
Guatemala,Guatemala,2013,5.984601498
Guatemala,Guatemala,2014,6.536030769
Guatemala,Guatemala,2015,6.464986801
Guatemala,Guatemala,2016,6.358916283
Guinea,Guinea,2011,4.044569492
Guinea,Guinea,2012,3.651554823
Guinea,Guinea,2013,3.901793003
Guinea,Guinea,2014,3.4124825
Guinea,Guinea,2015,3.504693508
Guinea,Guinea,2016,3.602854729
Guyana,Guyana,2007,5.992826462
Haiti,Haiti,2006,3.754156113
Haiti,Haiti,2008,3.846329212
Haiti,Haiti,2010,3.76599884
Haiti,Haiti,2011,4.844573975
Haiti,Haiti,2012,4.413475037
Haiti,Haiti,2013,4.62196207
Haiti,Haiti,2014,3.888778448
Haiti,Haiti,2015,3.569762468
Haiti,Haiti,2016,3.352300167
Honduras,Honduras,2006,5.396519661
Honduras,Honduras,2007,5.09715414
Honduras,Honduras,2008,5.420331001
Honduras,Honduras,2009,6.033189297
Honduras,Honduras,2010,5.866131306
Honduras,Honduras,2011,4.961031437
Honduras,Honduras,2012,4.602218151
Honduras,Honduras,2013,4.713358402
Honduras,Honduras,2014,5.055726051
Honduras,Honduras,2015,4.845436573
Honduras,Honduras,2016,5.648154736
Hong Kong,Hong Kong,2006,5.511187077
Hong Kong,Hong Kong,2008,5.137261868
Hong Kong,Hong Kong,2009,5.397055626
Hong Kong,Hong Kong,2010,5.642834663
Hong Kong,Hong Kong,2011,5.474010944
Hong Kong,Hong Kong,2012,5.483764648
Hong Kong,Hong Kong,2014,5.458050728
Hong Kong,Hong Kong,2016,5.498420715
Hungary,Hungary,2005,5.193933487
Hungary,Hungary,2007,4.953917027
Hungary,Hungary,2009,4.894600391
Hungary,Hungary,2010,4.725132465
Hungary,Hungary,2011,4.917602539
Hungary,Hungary,2012,4.683358192
Hungary,Hungary,2013,4.914466858
Hungary,Hungary,2014,5.18056345
Hungary,Hungary,2015,5.34438324
Hungary,Hungary,2016,5.448901653
Iceland,Iceland,2008,6.888284206
Iceland,Iceland,2012,7.590660095
Iceland,Iceland,2013,7.501394272
Iceland,Iceland,2015,7.498070717
Iceland,Iceland,2016,7.510034561
India,India,2006,5.348258972
India,India,2007,5.02679348
India,India,2008,5.145833015
India,India,2009,4.521517754
India,India,2010,4.989277363
India,India,2011,4.634871483
India,India,2012,4.720146656
India,India,2013,4.427788734
India,India,2014,4.424379349
India,India,2015,4.342079163
India,India,2016,4.179177284
Indonesia,Indonesia,2006,4.946978092
Indonesia,Indonesia,2007,5.101213932
Indonesia,Indonesia,2008,4.815309525
Indonesia,Indonesia,2009,5.472361088
Indonesia,Indonesia,2010,5.457299232
Indonesia,Indonesia,2011,5.172608376
Indonesia,Indonesia,2012,5.36777401
Indonesia,Indonesia,2013,5.292237759
Indonesia,Indonesia,2014,5.597375393
Indonesia,Indonesia,2015,5.04279995
Indonesia,Indonesia,2016,5.136325359
Iran,Iran,2005,5.308190346
Iran,Iran,2007,5.336371422
Iran,Iran,2008,5.128988266
Iran,Iran,2011,4.767507076
Iran,Iran,2012,4.608927727
Iran,Iran,2013,5.139579296
Iran,Iran,2014,4.682224274
Iran,Iran,2015,4.749955654
Iran,Iran,2016,4.652730942
Iraq,Iraq,2008,4.589844704
Iraq,Iraq,2009,4.775316715
Iraq,Iraq,2010,5.065462112
Iraq,Iraq,2011,4.725366116
Iraq,Iraq,2012,4.659508705
Iraq,Iraq,2013,4.725017071
Iraq,Iraq,2014,4.541502476
Iraq,Iraq,2015,4.493377209
Iraq,Iraq,2016,4.412537098
Ireland,Ireland,2006,7.144246578
Ireland,Ireland,2008,7.568029881
Ireland,Ireland,2009,7.045911312
Ireland,Ireland,2010,7.257389545
Ireland,Ireland,2011,7.006904125
Ireland,Ireland,2012,6.964645386
Ireland,Ireland,2013,6.760085106
Ireland,Ireland,2014,7.018379211
Ireland,Ireland,2015,6.830125332
Ireland,Ireland,2016,7.04073143
Israel,Israel,2006,7.173417091
Israel,Israel,2007,6.841114998
Israel,Israel,2008,7.261261463
Israel,Israel,2009,7.352979183
Israel,Israel,2010,7.358916283
Israel,Israel,2011,7.433147907
Israel,Israel,2012,7.110854626
Israel,Israel,2013,7.320563316
Israel,Israel,2014,7.400570393
Israel,Israel,2015,7.07941103
Israel,Israel,2016,7.159010887
Italy,Italy,2005,6.853783607
Italy,Italy,2007,6.574412346
Italy,Italy,2008,6.779774189
Italy,Italy,2009,6.333800316
Italy,Italy,2010,6.354238033
Italy,Italy,2011,6.057086468
Italy,Italy,2012,5.839313984
Italy,Italy,2013,6.009373665
Italy,Italy,2014,6.026585102
Italy,Italy,2015,5.847683907
Italy,Italy,2016,5.95452404
Ivory Coast,Ivory Coast,2009,4.197181702
Ivory Coast,Ivory Coast,2013,3.739365578
Ivory Coast,Ivory Coast,2014,3.570368528
Ivory Coast,Ivory Coast,2015,4.445038795
Ivory Coast,Ivory Coast,2016,4.542545795
Jamaica,Jamaica,2006,6.207881927
Jamaica,Jamaica,2011,5.374446392
Jamaica,Jamaica,2013,5.708886623
Jamaica,Jamaica,2014,5.310538769
Japan,Japan,2005,6.515817165
Japan,Japan,2007,6.238197803
Japan,Japan,2008,5.91067934
Japan,Japan,2009,5.844999313
Japan,Japan,2010,6.056752682
Japan,Japan,2011,6.262793541
Japan,Japan,2012,5.968216419
Japan,Japan,2013,5.959361553
Japan,Japan,2014,5.922620773
Japan,Japan,2015,5.879684448
Japan,Japan,2016,5.954650879
Jordan,Jordan,2005,6.294660091
Jordan,Jordan,2007,5.59805727
Jordan,Jordan,2008,4.930058002
Jordan,Jordan,2009,5.999859333
Jordan,Jordan,2010,5.569942474
Jordan,Jordan,2011,5.539327621
Jordan,Jordan,2012,5.131996155
Jordan,Jordan,2013,5.171952724
Jordan,Jordan,2014,5.333021641
Jordan,Jordan,2015,5.404593468
Jordan,Jordan,2016,5.27128458
Kazakhstan,Kazakhstan,2006,5.475948334
Kazakhstan,Kazakhstan,2007,5.718553543
Kazakhstan,Kazakhstan,2008,5.886419773
Kazakhstan,Kazakhstan,2009,5.382563114
Kazakhstan,Kazakhstan,2010,5.514286518
Kazakhstan,Kazakhstan,2011,5.735662937
Kazakhstan,Kazakhstan,2012,5.759469509
Kazakhstan,Kazakhstan,2013,5.835483074
Kazakhstan,Kazakhstan,2014,5.970097542
Kazakhstan,Kazakhstan,2015,5.949995041
Kazakhstan,Kazakhstan,2016,5.533551693
Kenya,Kenya,2006,4.223234177
Kenya,Kenya,2007,4.575657845
Kenya,Kenya,2008,4.015274525
Kenya,Kenya,2009,4.270434856
Kenya,Kenya,2010,4.255859375
Kenya,Kenya,2011,4.405310154
Kenya,Kenya,2012,4.547335148
Kenya,Kenya,2013,3.795383215
Kenya,Kenya,2014,4.904579639
Kenya,Kenya,2015,4.357617855
Kenya,Kenya,2016,4.396127701
Kosovo,Kosovo,2007,5.103906155
Kosovo,Kosovo,2008,5.521659851
Kosovo,Kosovo,2009,5.891432762
Kosovo,Kosovo,2010,5.17660141
Kosovo,Kosovo,2011,4.859501839
Kosovo,Kosovo,2012,5.639588356
Kosovo,Kosovo,2013,6.125758171
Kosovo,Kosovo,2014,5.000375271
Kosovo,Kosovo,2015,5.077460766
Kosovo,Kosovo,2016,5.759412289
Kuwait,Kuwait,2006,6.075547218
Kuwait,Kuwait,2009,6.585246086
Kuwait,Kuwait,2010,6.798151016
Kuwait,Kuwait,2011,6.377699375
Kuwait,Kuwait,2012,6.221094608
Kuwait,Kuwait,2013,6.480031013
Kuwait,Kuwait,2014,6.180138588
Kuwait,Kuwait,2015,6.146031857
Kuwait,Kuwait,2016,5.947194576
Kyrgyzstan,Kyrgyzstan,2006,4.641398907
Kyrgyzstan,Kyrgyzstan,2007,4.697761536
Kyrgyzstan,Kyrgyzstan,2008,4.736588001
Kyrgyzstan,Kyrgyzstan,2009,5.06905365
Kyrgyzstan,Kyrgyzstan,2010,4.996410847
Kyrgyzstan,Kyrgyzstan,2011,4.921049118
Kyrgyzstan,Kyrgyzstan,2012,5.207785606
Kyrgyzstan,Kyrgyzstan,2013,5.40242672
Kyrgyzstan,Kyrgyzstan,2014,5.252192974
Kyrgyzstan,Kyrgyzstan,2015,4.905375957
Kyrgyzstan,Kyrgyzstan,2016,4.856534004
Laos,Laos,2006,5.076225758
Laos,Laos,2007,5.363854885
Laos,Laos,2008,5.044098854
Laos,Laos,2011,4.703749657
Laos,Laos,2012,4.876084805
Latvia,Latvia,2006,4.70950222
Latvia,Latvia,2007,4.666971684
Latvia,Latvia,2008,5.145375252
Latvia,Latvia,2009,4.668910503
Latvia,Latvia,2011,4.966811657
Latvia,Latvia,2012,5.125025272
Latvia,Latvia,2013,5.069770336
Latvia,Latvia,2014,5.729115486
Latvia,Latvia,2015,5.880597591
Latvia,Latvia,2016,5.940446377
Lebanon,Lebanon,2005,5.49124527
Lebanon,Lebanon,2006,4.653103828
Lebanon,Lebanon,2008,4.594851017
Lebanon,Lebanon,2009,5.205998898
Lebanon,Lebanon,2010,5.031899452
Lebanon,Lebanon,2011,5.187571526
Lebanon,Lebanon,2012,4.572566986
Lebanon,Lebanon,2013,4.983288765
Lebanon,Lebanon,2014,5.233025551
Lebanon,Lebanon,2015,5.171971321
Lebanon,Lebanon,2016,5.27072382
Lesotho,Lesotho,2011,4.89751482
Lesotho,Lesotho,2016,3.808204889
Liberia,Liberia,2007,3.701401234
Liberia,Liberia,2008,4.221354008
Liberia,Liberia,2010,4.196063042
Liberia,Liberia,2014,4.571419239
Liberia,Liberia,2015,2.701591253
Liberia,Liberia,2016,3.354676008
Libya,Libya,2012,5.754394054
Libya,Libya,2015,5.615404606
Libya,Libya,2016,5.43358326
Lithuania,Lithuania,2006,5.954442978
Lithuania,Lithuania,2007,5.80828476
Lithuania,Lithuania,2008,5.553925991
Lithuania,Lithuania,2009,5.466920853
Lithuania,Lithuania,2010,5.065824986
Lithuania,Lithuania,2011,5.43243742
Lithuania,Lithuania,2012,5.771037102
Lithuania,Lithuania,2013,5.595689297
Lithuania,Lithuania,2014,6.125723839
Lithuania,Lithuania,2015,5.711378098
Lithuania,Lithuania,2016,5.865552425
Luxembourg,Luxembourg,2009,6.957920074
Luxembourg,Luxembourg,2010,7.097251892
Luxembourg,Luxembourg,2011,7.101400375
Luxembourg,Luxembourg,2012,6.964097023
Luxembourg,Luxembourg,2013,7.130809307
Luxembourg,Luxembourg,2014,6.89112711
Luxembourg,Luxembourg,2015,6.701571465
Luxembourg,Luxembourg,2016,6.967340946
Macedonia,Macedonia,2007,4.493598461
Macedonia,Macedonia,2009,4.428021908
Macedonia,Macedonia,2010,4.180202007
Macedonia,Macedonia,2011,4.898180008
Macedonia,Macedonia,2012,4.639647484
Macedonia,Macedonia,2013,5.186190605
Macedonia,Macedonia,2014,5.203825951
Macedonia,Macedonia,2015,4.975589752
Macedonia,Macedonia,2016,5.34574604
Madagascar,Madagascar,2006,3.979751348
Madagascar,Madagascar,2008,4.640079021
Madagascar,Madagascar,2011,4.381415367
Madagascar,Madagascar,2012,3.550609589
Madagascar,Madagascar,2013,3.815607071
Madagascar,Madagascar,2014,3.675626993
Madagascar,Madagascar,2015,3.592514038
Madagascar,Madagascar,2016,3.663085938
Malawi,Malawi,2006,3.829868078
Malawi,Malawi,2007,4.89103651
Malawi,Malawi,2009,5.148239613
Malawi,Malawi,2011,3.946062565
Malawi,Malawi,2012,4.279269695
Malawi,Malawi,2013,4.035084248
Malawi,Malawi,2014,4.563080311
Malawi,Malawi,2015,3.86763835
Malawi,Malawi,2016,3.476492643
Malaysia,Malaysia,2006,6.011716843
Malaysia,Malaysia,2007,6.238904476
Malaysia,Malaysia,2008,5.806781769
Malaysia,Malaysia,2009,5.384701729
Malaysia,Malaysia,2010,5.580281734
Malaysia,Malaysia,2011,5.786367416
Malaysia,Malaysia,2012,5.914283752
Malaysia,Malaysia,2013,5.770199776
Malaysia,Malaysia,2014,5.962921619
Malaysia,Malaysia,2015,6.322121143
Mali,Mali,2006,4.014075756
Mali,Mali,2008,4.114664078
Mali,Mali,2009,3.976598501
Mali,Mali,2010,3.762305021
Mali,Mali,2011,4.666832924
Mali,Mali,2012,4.313016891
Mali,Mali,2013,3.676277161
Mali,Mali,2014,3.974714279
Mali,Mali,2015,4.582098484
Mali,Mali,2016,4.016027927
Malta,Malta,2009,6.32763958
Malta,Malta,2010,5.77387476
Malta,Malta,2011,6.154718399
Malta,Malta,2012,5.962872028
Malta,Malta,2013,6.379924774
Malta,Malta,2014,6.45211792
Malta,Malta,2015,6.61339426
Malta,Malta,2016,6.590842247
Mauritania,Mauritania,2007,4.149043083
Mauritania,Mauritania,2008,4.248075008
Mauritania,Mauritania,2009,4.500431538
Mauritania,Mauritania,2010,4.772306919
Mauritania,Mauritania,2011,4.784804344
Mauritania,Mauritania,2012,4.673203945
Mauritania,Mauritania,2013,4.199015141
Mauritania,Mauritania,2014,4.482805252
Mauritania,Mauritania,2015,3.922664165
Mauritania,Mauritania,2016,4.472149372
Mauritius,Mauritius,2011,5.477073193
Mauritius,Mauritius,2014,5.647779942
Mauritius,Mauritius,2016,5.610003471
Mexico,Mexico,2005,6.580657959
Mexico,Mexico,2007,6.525378227
Mexico,Mexico,2008,6.829036236
Mexico,Mexico,2009,6.962819099
Mexico,Mexico,2010,6.802388668
Mexico,Mexico,2011,6.909515381
Mexico,Mexico,2012,7.320185184
Mexico,Mexico,2013,7.442546368
Mexico,Mexico,2014,6.679831028
Mexico,Mexico,2015,6.236287117
Mexico,Mexico,2016,6.824172974
Moldova,Moldova,2006,5.102071285
Moldova,Moldova,2007,4.774918079
Moldova,Moldova,2008,5.502756119
Moldova,Moldova,2009,5.554374218
Moldova,Moldova,2010,5.589736462
Moldova,Moldova,2011,5.792262554
Moldova,Moldova,2012,5.995712757
Moldova,Moldova,2013,5.75605917
Moldova,Moldova,2014,5.917058468
Moldova,Moldova,2015,6.017472267
Moldova,Moldova,2016,5.577784061
Mongolia,Mongolia,2007,4.609059334
Mongolia,Mongolia,2008,4.493010044
Mongolia,Mongolia,2010,4.585523605
Mongolia,Mongolia,2011,5.031173706
Mongolia,Mongolia,2012,4.885150433
Mongolia,Mongolia,2013,4.912928104
Mongolia,Mongolia,2014,4.824834824
Mongolia,Mongolia,2015,4.982719898
Mongolia,Mongolia,2016,5.056999683
Montenegro,Montenegro,2007,5.196315289
Montenegro,Montenegro,2009,4.8010602
Montenegro,Montenegro,2010,5.455030441
Montenegro,Montenegro,2011,5.223116875
Montenegro,Montenegro,2012,5.218724251
Montenegro,Montenegro,2013,5.074341774
Montenegro,Montenegro,2014,5.282720566
Montenegro,Montenegro,2015,5.124921322
Montenegro,Montenegro,2016,5.304066181
Morocco,Morocco,2010,4.383247375
Morocco,Morocco,2011,5.084972858
Morocco,Morocco,2012,4.969656467
Morocco,Morocco,2013,5.142160416
Morocco,Morocco,2015,5.163156986
Morocco,Morocco,2016,5.38630724
Mozambique,Mozambique,2006,4.594879627
Mozambique,Mozambique,2007,4.832634926
Mozambique,Mozambique,2008,4.65358305
Mozambique,Mozambique,2011,4.971111774
Mozambique,Mozambique,2015,4.549767494
Myanmar,Myanmar,2012,4.438939571
Myanmar,Myanmar,2013,4.175670624
Myanmar,Myanmar,2014,4.786247253
Myanmar,Myanmar,2015,4.223846436
Myanmar,Myanmar,2016,4.623119831
Namibia,Namibia,2007,4.885587215
Namibia,Namibia,2014,4.573991299
Nepal,Nepal,2006,4.566594601
Nepal,Nepal,2007,4.74828434
Nepal,Nepal,2008,4.440526485
Nepal,Nepal,2009,4.91686821
Nepal,Nepal,2010,4.349675179
Nepal,Nepal,2011,3.809444666
Nepal,Nepal,2012,4.233244896
Nepal,Nepal,2013,4.604576588
Nepal,Nepal,2014,4.975014687
Nepal,Nepal,2015,4.812436581
Nepal,Nepal,2016,5.099539757
Netherlands,Netherlands,2005,7.463979244
Netherlands,Netherlands,2007,7.451879501
Netherlands,Netherlands,2008,7.631011963
Netherlands,Netherlands,2010,7.501875877
Netherlands,Netherlands,2011,7.563797951
Netherlands,Netherlands,2012,7.470715523
Netherlands,Netherlands,2013,7.406550407
Netherlands,Netherlands,2014,7.32118845
Netherlands,Netherlands,2015,7.324437141
Netherlands,Netherlands,2016,7.540877342
New Zealand,New Zealand,2006,7.305014133
New Zealand,New Zealand,2007,7.604173183
New Zealand,New Zealand,2008,7.38117075
New Zealand,New Zealand,2010,7.223756313
New Zealand,New Zealand,2011,7.190638065
New Zealand,New Zealand,2012,7.249629974
New Zealand,New Zealand,2013,7.280151844
New Zealand,New Zealand,2014,7.305892467
New Zealand,New Zealand,2015,7.418120861
New Zealand,New Zealand,2016,7.225687981
Nicaragua,Nicaragua,2006,4.460158348
Nicaragua,Nicaragua,2007,4.944090843
Nicaragua,Nicaragua,2008,5.103827477
Nicaragua,Nicaragua,2009,5.352804661
Nicaragua,Nicaragua,2010,5.68669939
Nicaragua,Nicaragua,2011,5.385705471
Nicaragua,Nicaragua,2012,5.448006153
Nicaragua,Nicaragua,2013,5.772274971
Nicaragua,Nicaragua,2014,6.275266647
Nicaragua,Nicaragua,2015,5.924112797
Nicaragua,Nicaragua,2016,6.012739658
Niger,Niger,2006,3.736951828
Niger,Niger,2007,4.277402401
Niger,Niger,2008,4.235657215
Niger,Niger,2009,4.267169952
Niger,Niger,2010,4.101016045
Niger,Niger,2011,4.555829525
Niger,Niger,2012,3.798088312
Niger,Niger,2013,3.716329813
Niger,Niger,2014,4.180943489
Niger,Niger,2015,3.671453714
Niger,Niger,2016,4.234645844
Nigeria,Nigeria,2006,4.709745884
Nigeria,Nigeria,2007,4.890419483
Nigeria,Nigeria,2008,4.938560486
Nigeria,Nigeria,2009,4.980220318
Nigeria,Nigeria,2010,4.760275841
Nigeria,Nigeria,2012,5.492954254
Nigeria,Nigeria,2013,4.81786871
Nigeria,Nigeria,2015,4.932914734
Nigeria,Nigeria,2016,5.219567776
Northern Cyprus,North Cyprus,2012,5.463305473
Northern Cyprus,North Cyprus,2013,5.566802502
Northern Cyprus,North Cyprus,2014,5.785978794
Northern Cyprus,North Cyprus,2015,5.842550278
Northern Cyprus,North Cyprus,2016,5.827127934
Norway,Norway,2006,7.415682316
Norway,Norway,2008,7.632287502
Norway,Norway,2012,7.678277016
Norway,Norway,2014,7.444470882
Norway,Norway,2015,7.603433609
Norway,Norway,2016,7.596331596
Oman,Oman,2011,6.852982044
Pakistan,Pakistan,2005,5.224657536
Pakistan,Pakistan,2007,5.671460629
Pakistan,Pakistan,2008,4.413918972
Pakistan,Pakistan,2009,5.208146572
Pakistan,Pakistan,2010,5.786132813
Pakistan,Pakistan,2011,5.267186165
Pakistan,Pakistan,2012,5.131565094
Pakistan,Pakistan,2013,5.138082504
Pakistan,Pakistan,2014,5.435657978
Pakistan,Pakistan,2015,4.823194981
Pakistan,Pakistan,2016,5.548508167
Palestinian Territories,Palestinian Territories,2006,4.716387749
Palestinian Territories,Palestinian Territories,2007,4.151053905
Palestinian Territories,Palestinian Territories,2008,4.385603428
Palestinian Territories,Palestinian Territories,2009,4.470191479
Palestinian Territories,Palestinian Territories,2010,4.702603817
Palestinian Territories,Palestinian Territories,2011,4.751219749
Palestinian Territories,Palestinian Territories,2012,4.646608353
Palestinian Territories,Palestinian Territories,2013,4.844027996
Palestinian Territories,Palestinian Territories,2014,4.721938133
Palestinian Territories,Palestinian Territories,2015,4.695239067
Palestinian Territories,Palestinian Territories,2016,4.906618118
Panama,Panama,2006,6.127988338
Panama,Panama,2007,6.894139767
Panama,Panama,2008,6.930903435
Panama,Panama,2009,7.033740044
Panama,Panama,2010,7.3214674
Panama,Panama,2011,7.24808073
Panama,Panama,2012,6.859835625
Panama,Panama,2013,6.86648035
Panama,Panama,2014,6.631171227
Panama,Panama,2015,6.605550289
Panama,Panama,2016,6.117638111
Paraguay,Paraguay,2006,4.730082035
Paraguay,Paraguay,2007,5.272461414
Paraguay,Paraguay,2008,5.570061684
Paraguay,Paraguay,2009,5.576147079
Paraguay,Paraguay,2010,5.841174126
Paraguay,Paraguay,2011,5.677080631
Paraguay,Paraguay,2012,5.820058346
Paraguay,Paraguay,2013,5.936240673
Paraguay,Paraguay,2014,5.118641853
Paraguay,Paraguay,2015,5.559724331
Paraguay,Paraguay,2016,5.801380157
Peru,Peru,2006,4.810845375
Peru,Peru,2007,5.213962078
Peru,Peru,2008,5.129230976
Peru,Peru,2009,5.518846989
Peru,Peru,2010,5.612785339
Peru,Peru,2011,5.892457485
Peru,Peru,2012,5.824557304
Peru,Peru,2013,5.782557487
Peru,Peru,2014,5.865815639
Peru,Peru,2015,5.577263355
Peru,Peru,2016,5.700628757
Philippines,Philippines,2006,4.669945717
Philippines,Philippines,2007,5.073562145
Philippines,Philippines,2008,4.589065075
Philippines,Philippines,2009,4.879910946
Philippines,Philippines,2010,4.941514015
Philippines,Philippines,2011,4.993956566
Philippines,Philippines,2012,5.001965046
Philippines,Philippines,2013,4.976925373
Philippines,Philippines,2014,5.312550068
Philippines,Philippines,2015,5.547489166
Philippines,Philippines,2016,5.430832863
Poland,Poland,2005,5.587209225
Poland,Poland,2007,5.886137486
Poland,Poland,2009,5.772027493
Poland,Poland,2010,5.887029648
Poland,Poland,2011,5.646204948
Poland,Poland,2012,5.87593174
Poland,Poland,2013,5.746131897
Poland,Poland,2014,5.750282288
Poland,Poland,2015,6.007021904
Poland,Poland,2016,6.162076473
Portugal,Portugal,2006,5.405246258
Portugal,Portugal,2008,5.716966629
Portugal,Portugal,2010,5.094525814
Portugal,Portugal,2011,5.219997883
Portugal,Portugal,2012,4.993962288
Portugal,Portugal,2013,5.157688141
Portugal,Portugal,2014,5.12691164
Portugal,Portugal,2015,5.080866337
Portugal,Portugal,2016,5.446637154
Qatar,Qatar,2009,6.417824268
Qatar,Qatar,2010,6.849652767
Qatar,Qatar,2011,6.591604233
Qatar,Qatar,2012,6.611298561
Qatar,Qatar,2015,6.374529362
Romania,Romania,2005,5.048648357
Romania,Romania,2007,5.393723965
Romania,Romania,2009,5.367565155
Romania,Romania,2010,4.909165859
Romania,Romania,2011,5.02275753
Romania,Romania,2012,5.166874886
Romania,Romania,2013,5.081584454
Romania,Romania,2014,5.726893425
Romania,Romania,2015,5.777491093
Romania,Romania,2016,5.96887064
Russia,Russia,2006,4.963742733
Russia,Russia,2007,5.222867489
Russia,Russia,2008,5.61875391
Russia,Russia,2009,5.158227921
Russia,Russia,2010,5.384773254
Russia,Russia,2011,5.388766289
Russia,Russia,2012,5.620735645
Russia,Russia,2013,5.537177563
Russia,Russia,2014,6.036976814
Russia,Russia,2015,5.995538712
Russia,Russia,2016,5.85494566
Rwanda,Rwanda,2006,4.21470356
Rwanda,Rwanda,2008,4.362988949
Rwanda,Rwanda,2009,4.029761791
Rwanda,Rwanda,2011,4.097435951
Rwanda,Rwanda,2012,3.333047867
Rwanda,Rwanda,2013,3.466387749
Rwanda,Rwanda,2014,3.595678329
Rwanda,Rwanda,2015,3.483108997
Rwanda,Rwanda,2016,3.332989931
Saudi Arabia,Saudi Arabia,2005,7.079644203
Saudi Arabia,Saudi Arabia,2007,7.266694069
Saudi Arabia,Saudi Arabia,2008,6.811370373
Saudi Arabia,Saudi Arabia,2009,6.14759016
Saudi Arabia,Saudi Arabia,2010,6.307098389
Saudi Arabia,Saudi Arabia,2011,6.699789524
Saudi Arabia,Saudi Arabia,2012,6.396359444
Saudi Arabia,Saudi Arabia,2013,6.495132923
Saudi Arabia,Saudi Arabia,2014,6.27837801
Saudi Arabia,Saudi Arabia,2015,6.345491886
Saudi Arabia,Saudi Arabia,2016,6.473921299
Senegal,Senegal,2006,4.417352676
Senegal,Senegal,2007,4.679986954
Senegal,Senegal,2008,4.683499813
Senegal,Senegal,2009,4.335114002
Senegal,Senegal,2010,4.372156143
Senegal,Senegal,2011,3.834201574
Senegal,Senegal,2012,3.668736935
Senegal,Senegal,2013,3.647367001
Senegal,Senegal,2014,4.394777298
Senegal,Senegal,2015,4.61700058
Senegal,Senegal,2016,4.59453392
Serbia,Serbia,2007,4.750383854
Serbia,Serbia,2009,4.380311966
Serbia,Serbia,2010,4.461304188
Serbia,Serbia,2011,4.815186501
Serbia,Serbia,2012,5.154521942
Serbia,Serbia,2013,5.101840496
Serbia,Serbia,2014,5.112728596
Serbia,Serbia,2015,5.317685127
Serbia,Serbia,2016,5.752754688
Sierra Leone,Sierra Leone,2006,3.628185034
Sierra Leone,Sierra Leone,2007,3.585127354
Sierra Leone,Sierra Leone,2008,2.997251034
Sierra Leone,Sierra Leone,2010,4.133955956
Sierra Leone,Sierra Leone,2011,4.501643658
Sierra Leone,Sierra Leone,2013,4.514291286
Sierra Leone,Sierra Leone,2014,4.499970436
Sierra Leone,Sierra Leone,2015,4.908617973
Sierra Leone,Sierra Leone,2016,4.732953072
Singapore,Singapore,2006,6.462702751
Singapore,Singapore,2007,6.833754539
Singapore,Singapore,2008,6.641956806
Singapore,Singapore,2009,6.144676685
Singapore,Singapore,2010,6.531401634
Singapore,Singapore,2011,6.561041832
Singapore,Singapore,2013,6.53320694
Singapore,Singapore,2014,7.062364578
Singapore,Singapore,2015,6.619524956
Singapore,Singapore,2016,6.033480644
Slovakia,Slovakia,2006,5.264676571
Slovakia,Slovakia,2010,6.052223206
Slovakia,Slovakia,2011,5.945048332
Slovakia,Slovakia,2012,5.91105938
Slovakia,Slovakia,2013,5.936527252
Slovakia,Slovakia,2014,6.1388731
Slovakia,Slovakia,2015,6.162004471
Slovakia,Slovakia,2016,5.993163109
Slovenia,Slovenia,2006,5.811264515
Slovenia,Slovenia,2009,5.830160618
Slovenia,Slovenia,2010,6.082555294
Slovenia,Slovenia,2011,6.035964012
Slovenia,Slovenia,2012,6.062891006
Slovenia,Slovenia,2013,5.974888802
Slovenia,Slovenia,2014,5.678395271
Slovenia,Slovenia,2015,5.740642071
Slovenia,Slovenia,2016,5.936821461
Somalia,Somalia,2014,5.528272629
Somalia,Somalia,2015,5.353644848
Somalia,Somalia,2016,4.667941093
Somaliland region,Somaliland region,2009,4.991399765
Somaliland region,Somaliland region,2010,4.657363415
Somaliland region,Somaliland region,2011,4.930571556
Somaliland region,Somaliland region,2012,5.057314396
South Africa,South Africa,2006,5.083986759
South Africa,South Africa,2007,5.204454422
South Africa,South Africa,2008,5.346306801
South Africa,South Africa,2009,5.218430996
South Africa,South Africa,2010,4.652428627
South Africa,South Africa,2011,4.930511475
South Africa,South Africa,2012,5.133887768
South Africa,South Africa,2013,3.660727262
South Africa,South Africa,2014,4.828456402
South Africa,South Africa,2015,4.887325764
South Africa,South Africa,2016,4.769739628
South Korea,South Korea,2006,5.332177639
South Korea,South Korea,2007,5.76727581
South Korea,South Korea,2008,5.389624596
South Korea,South Korea,2009,5.647689819
South Korea,South Korea,2010,6.116024494
South Korea,South Korea,2011,6.946599007
South Korea,South Korea,2012,6.003286839
South Korea,South Korea,2013,5.958809853
South Korea,South Korea,2014,5.801325321
South Korea,South Korea,2015,5.780211449
South Korea,South Korea,2016,5.970564365
South Sudan,South Sudan,2014,3.831992388
South Sudan,South Sudan,2015,4.070771217
South Sudan,South Sudan,2016,2.888112307
Spain,Spain,2005,7.152785778
Spain,Spain,2007,6.994614601
Spain,Spain,2008,7.294472694
Spain,Spain,2009,6.198601246
Spain,Spain,2010,6.188262463
Spain,Spain,2011,6.518249035
Spain,Spain,2012,6.290690422
Spain,Spain,2013,6.150027275
Spain,Spain,2014,6.456477642
Spain,Spain,2015,6.380663395
Spain,Spain,2016,6.318612099
Sri Lanka,Sri Lanka,2006,4.344610691
Sri Lanka,Sri Lanka,2007,4.414805412
Sri Lanka,Sri Lanka,2008,4.430846214
Sri Lanka,Sri Lanka,2009,4.212026596
Sri Lanka,Sri Lanka,2010,3.976905107
Sri Lanka,Sri Lanka,2011,4.180569172
Sri Lanka,Sri Lanka,2012,4.224593163
Sri Lanka,Sri Lanka,2013,4.364694118
Sri Lanka,Sri Lanka,2014,4.267932892
Sri Lanka,Sri Lanka,2015,4.611606598
Sudan,Sudan,2009,4.454917431
Sudan,Sudan,2010,4.435159683
Sudan,Sudan,2011,4.314456463
Sudan,Sudan,2012,4.550499439
Sudan,Sudan,2014,4.138672829
Suriname,Suriname,2012,6.269286633
Swaziland,Swaziland,2011,4.867091179
Sweden,Sweden,2005,7.376315594
Sweden,Sweden,2007,7.241362572
Sweden,Sweden,2008,7.51599741
Sweden,Sweden,2009,7.265977383
Sweden,Sweden,2010,7.496018887
Sweden,Sweden,2011,7.382232189
Sweden,Sweden,2012,7.560147762
Sweden,Sweden,2013,7.434010506
Sweden,Sweden,2014,7.239147663
Sweden,Sweden,2015,7.28892231
Sweden,Sweden,2016,7.368744373
Switzerland,Switzerland,2006,7.473252773
Switzerland,Switzerland,2009,7.524520874
Switzerland,Switzerland,2012,7.776208878
Switzerland,Switzerland,2014,7.492803574
Switzerland,Switzerland,2015,7.572136879
Switzerland,Switzerland,2016,7.458519936
Syria,Syria,2008,5.32333231
Syria,Syria,2009,4.978970528
Syria,Syria,2010,4.464707851
Syria,Syria,2011,4.037889481
Syria,Syria,2012,3.164491177
Syria,Syria,2013,2.687552929
Syria,Syria,2015,3.46191287
Taiwan,Taiwan,2006,6.189050198
Taiwan,Taiwan,2008,5.547682285
Taiwan,Taiwan,2010,6.228530884
Taiwan,Taiwan,2011,6.308915138
Taiwan,Taiwan,2012,6.125916958
Taiwan,Taiwan,2013,6.340344429
Taiwan,Taiwan,2014,6.36349678
Taiwan,Taiwan,2015,6.450088024
Taiwan,Taiwan,2016,6.512850761
Tajikistan,Tajikistan,2006,4.613099098
Tajikistan,Tajikistan,2007,4.431608677
Tajikistan,Tajikistan,2008,5.063986778
Tajikistan,Tajikistan,2009,4.575174809
Tajikistan,Tajikistan,2010,4.380636215
Tajikistan,Tajikistan,2011,4.262671471
Tajikistan,Tajikistan,2012,4.496571541
Tajikistan,Tajikistan,2013,4.966521263
Tajikistan,Tajikistan,2014,4.896157742
Tajikistan,Tajikistan,2015,5.124210835
Tajikistan,Tajikistan,2016,5.103721142
Tanzania,Tanzania,2006,3.922484159
Tanzania,Tanzania,2007,4.317949772
Tanzania,Tanzania,2008,4.384741783
Tanzania,Tanzania,2009,3.407507896
Tanzania,Tanzania,2010,3.229129076
Tanzania,Tanzania,2011,4.073562145
Tanzania,Tanzania,2012,4.006897449
Tanzania,Tanzania,2013,3.852394819
Tanzania,Tanzania,2014,3.483278513
Tanzania,Tanzania,2015,3.660597324
Tanzania,Tanzania,2016,2.90273428
Thailand,Thailand,2006,5.88543272
Thailand,Thailand,2007,5.783891201
Thailand,Thailand,2008,5.636471272
Thailand,Thailand,2009,5.475645065
Thailand,Thailand,2010,6.216702938
Thailand,Thailand,2011,6.663609028
Thailand,Thailand,2012,6.300235271
Thailand,Thailand,2013,6.231024742
Thailand,Thailand,2014,6.985463619
Thailand,Thailand,2015,6.201762676
Thailand,Thailand,2016,6.07363987
Togo,Togo,2006,3.202429295
Togo,Togo,2008,2.807855129
Togo,Togo,2011,2.936220884
Togo,Togo,2014,2.83895874
Togo,Togo,2015,3.768301964
Togo,Togo,2016,3.878578424
Trinidad & Tobago,Trinidad and Tobago,2006,5.832188606
Trinidad & Tobago,Trinidad and Tobago,2008,6.696444035
Trinidad & Tobago,Trinidad and Tobago,2011,6.518745899
Trinidad & Tobago,Trinidad and Tobago,2013,6.167706966
Tunisia,Tunisia,2009,5.025470257
Tunisia,Tunisia,2010,5.130520821
Tunisia,Tunisia,2011,4.87648201
Tunisia,Tunisia,2012,4.463531017
Tunisia,Tunisia,2013,5.245604992
Tunisia,Tunisia,2014,4.763594627
Tunisia,Tunisia,2015,5.131611824
Tunisia,Tunisia,2016,4.521453381
Turkey,Turkey,2005,4.718733788
Turkey,Turkey,2007,5.623471737
Turkey,Turkey,2008,5.118231773
Turkey,Turkey,2009,5.212841511
Turkey,Turkey,2010,5.490347385
Turkey,Turkey,2011,5.271944046
Turkey,Turkey,2012,5.309076309
Turkey,Turkey,2013,4.888177395
Turkey,Turkey,2014,5.579794407
Turkey,Turkey,2015,5.514465332
Turkey,Turkey,2016,5.326221943
Turkmenistan,Turkmenistan,2009,6.567713261
Turkmenistan,Turkmenistan,2011,5.791754723
Turkmenistan,Turkmenistan,2012,5.463827133
Turkmenistan,Turkmenistan,2013,5.391762733
Turkmenistan,Turkmenistan,2014,5.787379265
Turkmenistan,Turkmenistan,2015,5.791460037
Turkmenistan,Turkmenistan,2016,5.887051582
Uganda,Uganda,2006,3.733583927
Uganda,Uganda,2007,4.45583868
Uganda,Uganda,2008,4.568619251
Uganda,Uganda,2009,4.611985683
Uganda,Uganda,2010,4.192882061
Uganda,Uganda,2011,4.826001167
Uganda,Uganda,2012,4.309237957
Uganda,Uganda,2013,3.709578753
Uganda,Uganda,2014,3.769919157
Uganda,Uganda,2015,4.237686634
Uganda,Uganda,2016,4.233261108
Ukraine,Ukraine,2006,4.803954124
Ukraine,Ukraine,2007,5.25218153
Ukraine,Ukraine,2008,5.172380447
Ukraine,Ukraine,2009,5.1656394
Ukraine,Ukraine,2010,5.057561398
Ukraine,Ukraine,2011,5.083132744
Ukraine,Ukraine,2012,5.030342102
Ukraine,Ukraine,2013,4.710802555
Ukraine,Ukraine,2014,4.297329903
Ukraine,Ukraine,2015,3.964542866
Ukraine,Ukraine,2016,4.028690338
United Arab Emirates,United Arab Emirates,2006,6.734221935
United Arab Emirates,United Arab Emirates,2009,6.866062641
United Arab Emirates,United Arab Emirates,2010,7.097455502
United Arab Emirates,United Arab Emirates,2011,7.118701458
United Arab Emirates,United Arab Emirates,2012,7.217766762
United Arab Emirates,United Arab Emirates,2013,6.620951176
United Arab Emirates,United Arab Emirates,2014,6.539854527
United Arab Emirates,United Arab Emirates,2015,6.568397522
United Arab Emirates,United Arab Emirates,2016,6.83095026
United Kingdom,United Kingdom,2005,6.983556747
United Kingdom,United Kingdom,2007,6.801930904
United Kingdom,United Kingdom,2008,6.986463547
United Kingdom,United Kingdom,2009,6.90654707
United Kingdom,United Kingdom,2010,7.029364109
United Kingdom,United Kingdom,2011,6.869248867
United Kingdom,United Kingdom,2012,6.880784035
United Kingdom,United Kingdom,2013,6.918055058
United Kingdom,United Kingdom,2014,6.758147717
United Kingdom,United Kingdom,2015,6.515445232
United Kingdom,United Kingdom,2016,6.8242836
United States,United States,2006,7.18179369
United States,United States,2007,7.512687683
United States,United States,2008,7.280385971
United States,United States,2009,7.158032417
United States,United States,2010,7.16361618
United States,United States,2011,7.115138531
United States,United States,2012,7.026226997
United States,United States,2013,7.249285221
United States,United States,2014,7.151114464
United States,United States,2015,6.863946915
United States,United States,2016,6.803599834
Uruguay,Uruguay,2006,5.785868168
Uruguay,Uruguay,2007,5.693945885
Uruguay,Uruguay,2008,5.663869858
Uruguay,Uruguay,2009,6.296222687
Uruguay,Uruguay,2010,6.062010765
Uruguay,Uruguay,2011,6.554047108
Uruguay,Uruguay,2012,6.449728489
Uruguay,Uruguay,2013,6.444464684
Uruguay,Uruguay,2014,6.561443806
Uruguay,Uruguay,2015,6.628080368
Uruguay,Uruguay,2016,6.171485424
Uzbekistan,Uzbekistan,2006,5.232322216
Uzbekistan,Uzbekistan,2008,5.311368465
Uzbekistan,Uzbekistan,2009,5.26072073
Uzbekistan,Uzbekistan,2010,5.095342159
Uzbekistan,Uzbekistan,2011,5.738744259
Uzbekistan,Uzbekistan,2012,6.019331932
Uzbekistan,Uzbekistan,2013,5.939986229
Uzbekistan,Uzbekistan,2014,6.049212456
Uzbekistan,Uzbekistan,2015,5.972364426
Uzbekistan,Uzbekistan,2016,5.892539024
Venezuela,Venezuela,2005,7.169620991
Venezuela,Venezuela,2006,6.525146008
Venezuela,Venezuela,2008,6.257771492
Venezuela,Venezuela,2009,7.188803196
Venezuela,Venezuela,2010,7.47845459
Venezuela,Venezuela,2011,6.579789162
Venezuela,Venezuela,2012,7.066577435
Venezuela,Venezuela,2013,6.552796364
Venezuela,Venezuela,2014,6.136096478
Venezuela,Venezuela,2015,5.568800449
Venezuela,Venezuela,2016,4.041114807
Vietnam,Vietnam,2006,5.293659687
Vietnam,Vietnam,2007,5.421687603
Vietnam,Vietnam,2008,5.480425358
Vietnam,Vietnam,2009,5.304264545
Vietnam,Vietnam,2010,5.295780659
Vietnam,Vietnam,2011,5.767344475
Vietnam,Vietnam,2012,5.53456974
Vietnam,Vietnam,2013,5.022698879
Vietnam,Vietnam,2014,5.084923267
Vietnam,Vietnam,2015,5.076315403
Vietnam,Vietnam,2016,5.062267303
Yemen,Yemen,2007,4.477132797
Yemen,Yemen,2009,4.809258938
Yemen,Yemen,2010,4.35031271
Yemen,Yemen,2011,3.746255636
Yemen,Yemen,2012,4.060600758
Yemen,Yemen,2013,4.217678547
Yemen,Yemen,2014,3.967957973
Yemen,Yemen,2015,2.982673883
Yemen,Yemen,2016,3.825630903
Zambia,Zambia,2006,4.824454784
Zambia,Zambia,2007,3.998293161
Zambia,Zambia,2008,4.730263233
Zambia,Zambia,2009,5.260360718
Zambia,Zambia,2011,4.99911356
Zambia,Zambia,2012,5.013374805
Zambia,Zambia,2013,5.243995667
Zambia,Zambia,2014,4.345837116
Zambia,Zambia,2015,4.843164444
Zambia,Zambia,2016,4.347543716
Zimbabwe,Zimbabwe,2006,3.826268435
Zimbabwe,Zimbabwe,2007,3.280246735
Zimbabwe,Zimbabwe,2008,3.174263716
Zimbabwe,Zimbabwe,2009,4.055914402
Zimbabwe,Zimbabwe,2010,4.681569576
Zimbabwe,Zimbabwe,2011,4.845641613
Zimbabwe,Zimbabwe,2012,4.955100536
Zimbabwe,Zimbabwe,2013,4.690187931
Zimbabwe,Zimbabwe,2014,4.184450626
Zimbabwe,Zimbabwe,2015,3.70319128
Zimbabwe,Zimbabwe,2016,3.7354002
